[
{
  "fields": {
    "username": "admin",
    "first_name": "",
    "last_name": "",
    "is_active": true,
    "is_superuser": true,
    "is_staff": true,
    "last_login": "2015-08-08T18:17:04.560Z",
    "groups": [],
    "user_permissions": [],
    "password": "pbkdf2_sha256$20000$pBkIm32cPwRq$MbH0eBDBbibA9DMXSMZbiKKMrxMwjc8av5zqk/XL31M=",
    "email": "",
    "date_joined": "2015-04-30T22:02:41.681Z"
  },
  "model": "auth.user",
  "pk": 1
},
{
  "fields": {
    "username": "testuser",
    "first_name": "",
    "last_name": "",
    "is_active": true,
    "is_superuser": false,
    "is_staff": false,
    "last_login": null,
    "groups": [],
    "user_permissions": [],
    "password": "pbkdf2_sha256$20000$FAw5qOUQvLgw$5gB+IwBVwWDveF3ZgR/Mf/1XK/hmPMkH1M3httNpfpU=",
    "email": "",
    "date_joined": "2015-04-30T22:03:46.523Z"
  },
  "model": "auth.user",
  "pk": 2
},
{
  "fields": {
    "name": "test org"
  },
  "model": "kombucha_manager.organization",
  "pk": 1
},
{
  "fields": {
    "name": "Ben's Kombucha"
  },
  "model": "kombucha_manager.organization",
  "pk": 2
},
{
  "fields": {
    "organization": 2
  },
  "model": "kombucha_manager.userprofile",
  "pk": 1
},
{
  "fields": {
    "organization": 1
  },
  "model": "kombucha_manager.userprofile",
  "pk": 2
},
{
  "fields": {
    "organization": 2,
    "name": "Clear"
  },
  "model": "kombucha_manager.vessel",
  "pk": 1
},
{
  "fields": {
    "organization": 2,
    "name": "Blue"
  },
  "model": "kombucha_manager.vessel",
  "pk": 2
},
{
  "fields": {
    "organization": 2,
    "name": "Green"
  },
  "model": "kombucha_manager.vessel",
  "pk": 3
},
{
  "fields": {
    "name": "Kombucha Brooklyn",
    "source_url": "http://www.kombuchabrooklyn.com/"
  },
  "model": "kombucha_manager.source",
  "pk": 1
},
{
  "fields": {
    "name": "Dupont Market",
    "source_url": ""
  },
  "model": "kombucha_manager.source",
  "pk": 2
},
{
  "fields": {
    "name": "Yes! Organic Market",
    "source_url": "http://www.yesorganicmarket.com/"
  },
  "model": "kombucha_manager.source",
  "pk": 3
},
{
  "fields": {
    "name": "Bloomingdale Market",
    "source_url": ""
  },
  "model": "kombucha_manager.source",
  "pk": 4
},
{
  "fields": {
    "name": "Green"
  },
  "model": "kombucha_manager.teatype",
  "pk": 1
},
{
  "fields": {
    "name": "Black"
  },
  "model": "kombucha_manager.teatype",
  "pk": 2
},
{
  "fields": {
    "name": "White"
  },
  "model": "kombucha_manager.teatype",
  "pk": 3
},
{
  "fields": {
    "sources": [
      1
    ],
    "name": "House",
    "comments": "",
    "tea_types": [
      1
    ]
  },
  "model": "kombucha_manager.tea",
  "pk": 1
},
{
  "fields": {
    "sources": [
      1
    ],
    "name": "House",
    "comments": "",
    "tea_types": [
      3
    ]
  },
  "model": "kombucha_manager.tea",
  "pk": 2
},
{
  "fields": {
    "sources": [
      1
    ],
    "name": "House",
    "comments": "",
    "tea_types": [
      1,
      2,
      3
    ]
  },
  "model": "kombucha_manager.tea",
  "pk": 3
},
{
  "fields": {
    "brew_volume": "1.00",
    "sugar_volume": "1.00",
    "tea_volume": "5.0",
    "tea": [
      3
    ],
    "comments": "",
    "discarded": false,
    "brew_date": "2015-04-22",
    "vessel": 1,
    "scoby_count": 2
  },
  "model": "kombucha_manager.batch",
  "pk": 1
},
{
  "fields": {
    "brew_volume": "1.00",
    "sugar_volume": "1.00",
    "tea_volume": "12.0",
    "tea": [
      1
    ],
    "comments": "",
    "discarded": false,
    "brew_date": "2015-05-01",
    "vessel": 3,
    "scoby_count": 1
  },
  "model": "kombucha_manager.batch",
  "pk": 2
},
{
  "fields": {
    "brew_volume": "1.00",
    "sugar_volume": "1.00",
    "tea_volume": "12.0",
    "tea": [
      1
    ],
    "comments": "",
    "discarded": false,
    "brew_date": "2015-05-12",
    "vessel": 3,
    "scoby_count": 1
  },
  "model": "kombucha_manager.batch",
  "pk": 3
},
{
  "fields": {
    "brew_volume": "1.00",
    "sugar_volume": "1.00",
    "tea_volume": "12.0",
    "tea": [
      2
    ],
    "comments": "",
    "discarded": false,
    "brew_date": "2015-05-12",
    "vessel": 2,
    "scoby_count": 1
  },
  "model": "kombucha_manager.batch",
  "pk": 4
},
{
  "fields": {
    "source": [
      3
    ],
    "name": "Spearmint",
    "comments": ""
  },
  "model": "kombucha_manager.flavor",
  "pk": 1
},
{
  "fields": {
    "source": [
      2
    ],
    "name": "Blackberry",
    "comments": ""
  },
  "model": "kombucha_manager.flavor",
  "pk": 2
},
{
  "fields": {
    "source": [
      2
    ],
    "name": "Blackberry (Frozen)",
    "comments": ""
  },
  "model": "kombucha_manager.flavor",
  "pk": 3
},
{
  "fields": {
    "source": [
      3
    ],
    "name": "Ginger",
    "comments": ""
  },
  "model": "kombucha_manager.flavor",
  "pk": 4
},
{
  "fields": {
    "source": [
      3
    ],
    "name": "Pear",
    "comments": ""
  },
  "model": "kombucha_manager.flavor",
  "pk": 5
},
{
  "fields": {
    "source": [
      4
    ],
    "name": "Strawberry",
    "comments": ""
  },
  "model": "kombucha_manager.flavor",
  "pk": 6
},
{
  "fields": {
    "source": [
      1
    ],
    "name": "Raspberry",
    "comments": ""
  },
  "model": "kombucha_manager.flavor",
  "pk": 7
},
{
  "fields": {
    "source": [
      2
    ],
    "name": "Peppermint",
    "comments": ""
  },
  "model": "kombucha_manager.flavor",
  "pk": 8
},
{
  "fields": {
    "size": 32
  },
  "model": "kombucha_manager.bottlesize",
  "pk": 1
},
{
  "fields": {
    "size": 16
  },
  "model": "kombucha_manager.bottlesize",
  "pk": 2
},
{
  "fields": {
    "size": 14
  },
  "model": "kombucha_manager.bottlesize",
  "pk": 3
},
{
  "fields": {
    "size": 24
  },
  "model": "kombucha_manager.bottlesize",
  "pk": 4
},
{
  "fields": {
    "bottle_date": "2015-05-01",
    "flavors": [
      1
    ],
    "batch": 1,
    "comments": "",
    "size": 1
  },
  "model": "kombucha_manager.bottle",
  "pk": 1
},
{
  "fields": {
    "bottle_date": "2015-05-01",
    "flavors": [
      2
    ],
    "batch": 1,
    "comments": "",
    "size": 2
  },
  "model": "kombucha_manager.bottle",
  "pk": 2
},
{
  "fields": {
    "bottle_date": "2015-05-12",
    "flavors": [
      1,
      3
    ],
    "batch": 2,
    "comments": "",
    "size": 1
  },
  "model": "kombucha_manager.bottle",
  "pk": 3
},
{
  "fields": {
    "bottle_date": "2015-05-12",
    "flavors": [
      4,
      5
    ],
    "batch": 2,
    "comments": "",
    "size": 1
  },
  "model": "kombucha_manager.bottle",
  "pk": 4
},
{
  "fields": {
    "bottle_date": "2015-05-18",
    "flavors": [
      4
    ],
    "batch": 3,
    "comments": "",
    "size": 1
  },
  "model": "kombucha_manager.bottle",
  "pk": 5
},
{
  "fields": {
    "bottle_date": "2015-05-18",
    "flavors": [
      1
    ],
    "batch": 3,
    "comments": "",
    "size": 2
  },
  "model": "kombucha_manager.bottle",
  "pk": 6
},
{
  "fields": {
    "bottle_date": "2015-05-18",
    "flavors": [
      6
    ],
    "batch": 3,
    "comments": "",
    "size": 1
  },
  "model": "kombucha_manager.bottle",
  "pk": 7
},
{
  "fields": {
    "bottle_date": "2015-05-18",
    "flavors": [
      4
    ],
    "batch": 4,
    "comments": "",
    "size": 1
  },
  "model": "kombucha_manager.bottle",
  "pk": 8
},
{
  "fields": {
    "bottle_date": "2015-05-18",
    "flavors": [
      3
    ],
    "batch": 4,
    "comments": "",
    "size": 1
  },
  "model": "kombucha_manager.bottle",
  "pk": 9
},
{
  "fields": {
    "bottle_date": "2015-05-18",
    "flavors": [
      7
    ],
    "batch": 4,
    "comments": "",
    "size": 3
  },
  "model": "kombucha_manager.bottle",
  "pk": 10
},
{
  "fields": {
    "bottle_date": "2015-05-25",
    "flavors": [
      3,
      8
    ],
    "batch": 4,
    "comments": "",
    "size": 1
  },
  "model": "kombucha_manager.bottle",
  "pk": 11
},
{
  "fields": {
    "bottle_date": "2015-05-25",
    "flavors": [
      4
    ],
    "batch": 4,
    "comments": "",
    "size": 1
  },
  "model": "kombucha_manager.bottle",
  "pk": 12
},
{
  "fields": {
    "bottle_date": "2015-05-25",
    "flavors": [
      1
    ],
    "batch": 4,
    "comments": "",
    "size": 4
  },
  "model": "kombucha_manager.bottle",
  "pk": 13
}
]
